match_id,batting_team,striker,non_striker,runs_off_bat,ball,runs_per_ball
1392655,MI Cape Town,HE van der Dussen,RD Rickelton,104,52,2.0
1343962,Joburg Super Kings,F du Plessis,RR Hendricks,99,54,1.83
1392655,MI Cape Town,RD Rickelton,HE van der Dussen,91,46,1.98
1392657,Pretoria Capitals,RR Rossouw,WG Jacks,82,47,1.74
1343967,Joburg Super Kings,F du Plessis,RR Hendricks,76,51,1.49
1392659,Sunrisers Eastern Cape,J Hermann,DJ Malan,75,45,1.67
1343959,Sunrisers Eastern Cape,AM Rossington,J Hermann,72,30,2.4
1392657,Paarl Royals,M Van Buuren,DA Miller,72,43,1.67
1392683,Joburg Super Kings,JL du Plooy,F du Plessis,68,47,1.45
1392665,Paarl Royals,JJ Roy,JC Buttler,68,47,1.45
1343946,Pretoria Capitals,WG Jacks,TB de Bruyn,65,33,1.97
1392670,Durban's Super Giants,Q de Kock,JT Smuts,65,44,1.48
1392657,Paarl Royals,DA Miller,M Van Buuren,63,33,1.91
1392684,Durban's Super Giants,H Klaasen,PWA Mulder,61,19,3.21
1392656,Sunrisers Eastern Cape,TB Abell,AK Markram,61,33,1.85
1392656,Durban's Super Giants,JT Smuts,N Pooran,60,27,2.22
1343948,Paarl Royals,EJG Morgan,DJ Vilas,59,36,1.64
1392680,Durban's Super Giants,PWA Mulder,JT Smuts,59,39,1.51
1392677,Pretoria Capitals,K Verreynne,AU Rashid,59,21,2.81
1392659,MI Cape Town,RD Rickelton,HE van der Dussen,58,34,1.71
1392673,Durban's Super Giants,MP Breetzke,MP Stoinis,58,31,1.87
1392657,Pretoria Capitals,WG Jacks,RR Rossouw,57,35,1.63
1392680,Joburg Super Kings,F du Plessis,JL du Plooy,57,31,1.84
1343960,Pretoria Capitals,WG Jacks,BKG Mendis,57,25,2.28
1392685,Sunrisers Eastern Cape,T Stubbs,AK Markram,56,30,1.87
1343952,MI Cape Town,G Roelofsen,RD Rickelton,56,36,1.56
1343955,Pretoria Capitals,WG Jacks,TB de Bruyn,56,25,2.24
1392664,Joburg Super Kings,D Ferreira,MM Ali,56,20,2.8
1343942,Durban's Super Giants,Q de Kock,KR Mayers,55,39,1.41
1392680,Durban's Super Giants,JT Smuts,PWA Mulder,55,32,1.72
1392685,Sunrisers Eastern Cape,TB Abell,J Hermann,55,32,1.72
1343948,Durban's Super Giants,Q de Kock,PWA Mulder,54,30,1.8
1392653,MI Cape Town,RD Rickelton,HE van der Dussen,54,28,1.93
1392659,Sunrisers Eastern Cape,DJ Malan,J Hermann,53,42,1.26
1343972,Sunrisers Eastern Cape,AK Markram,T Stubbs,52,24,2.17
1392670,Durban's Super Giants,JT Smuts,Q de Kock,51,39,1.31
1392674,Joburg Super Kings,F du Plessis,JL du Plooy,50,20,2.5
1392678,Sunrisers Eastern Cape,M Jansen,T Stubbs,50,26,1.92
1343962,Durban's Super Giants,H Klaasen,MP Breetzke,49,36,1.36
1343972,Sunrisers Eastern Cape,AK Markram,J Hermann,48,36,1.33
1392677,Pretoria Capitals,K Verreynne,WD Parnell,47,23,2.04
1343972,Sunrisers Eastern Cape,J Hermann,AK Markram,47,36,1.31
1343952,Sunrisers Eastern Cape,M Jansen,BA Carse,47,17,2.76
1343968,Durban's Super Giants,MP Breetzke,H Klaasen,46,23,2.0
1392661,Pretoria Capitals,WG Jacks,PD Salt,46,20,2.3
1343949,Sunrisers Eastern Cape,AK Markram,SJ Erwee,46,31,1.48
1392678,Sunrisers Eastern Cape,TB Abell,J Hermann,46,26,1.77
1343941,MI Cape Town,D Brevis,RD Rickelton,45,32,1.41
1343962,Joburg Super Kings,RR Hendricks,F du Plessis,45,48,0.94
1343952,MI Cape Town,RD Rickelton,G Roelofsen,45,34,1.32
1392665,Paarl Royals,JC Buttler,JJ Roy,45,33,1.36
1392663,Durban's Super Giants,PWA Mulder,D Pretorius,45,22,2.05
1343973,Sunrisers Eastern Cape,AM Rossington,J Hermann,45,15,3.0
1343946,Sunrisers Eastern Cape,AK Markram,JT Smuts,44,25,1.76
1343948,Paarl Royals,DJ Vilas,EJG Morgan,44,33,1.33
1392668,Paarl Royals,WJ Lubbe,DJ Vilas,43,29,1.48
1392675,Durban's Super Giants,MP Breetzke,Q de Kock,43,24,1.79
1343968,Durban's Super Giants,Q de Kock,BR McDermott,43,20,2.15
1343941,MI Cape Town,RD Rickelton,D Brevis,42,33,1.27
1343951,Joburg Super Kings,JL du Plooy,RR Hendricks,42,30,1.4
1343946,Pretoria Capitals,TB de Bruyn,WG Jacks,42,23,1.83
1392677,MI Cape Town,RD Rickelton,HE van der Dussen,42,21,2.0
1392662,MI Cape Town,RD Rickelton,C Esterhuizen,42,25,1.68
1392685,Sunrisers Eastern Cape,AK Markram,T Stubbs,41,25,1.64
1392662,MI Cape Town,HE van der Dussen,RD Rickelton,41,29,1.41
1392674,Joburg Super Kings,JL du Plooy,F du Plessis,41,17,2.41
1392668,Paarl Royals,DJ Vilas,WJ Lubbe,41,25,1.64
1343942,Joburg Super Kings,D Ferreira,F du Plessis,41,25,1.64
1343942,Joburg Super Kings,D Ferreira,R Shepherd,41,19,2.16
1343967,Joburg Super Kings,RR Hendricks,F du Plessis,40,37,1.08
1343969,Joburg Super Kings,MS Wade,JL du Plooy,40,18,2.22
1392680,Durban's Super Giants,H Klaasen,KMA Paul,40,18,2.22
1392659,MI Cape Town,HE van der Dussen,RD Rickelton,40,27,1.48
1392684,Durban's Super Giants,PWA Mulder,H Klaasen,40,19,2.11
1343942,Joburg Super Kings,R Shepherd,D Ferreira,40,21,1.9
1343949,Sunrisers Eastern Cape,SJ Erwee,AK Markram,40,28,1.43
1343948,Durban's Super Giants,KR Mayers,PWA Mulder,39,23,1.7
1343966,Pretoria Capitals,BKG Mendis,PD Salt,39,22,1.77
1392660,Paarl Royals,WJ Lubbe,JC Buttler,39,30,1.3
1392671,Sunrisers Eastern Cape,TB Abell,DJ Malan,39,27,1.44
1343942,Durban's Super Giants,KR Mayers,Q de Kock,39,29,1.34
1343968,Durban's Super Giants,H Klaasen,PWA Mulder,39,15,2.6
1343970,Pretoria Capitals,PD Salt,BKG Mendis,39,22,1.77
1392673,Durban's Super Giants,MP Stoinis,MP Breetzke,38,36,1.06
1392685,Durban's Super Giants,PWA Mulder,MP Breetzke,38,24,1.58
1392663,Sunrisers Eastern Cape,T Stubbs,M Jansen,38,17,2.24
1343947,MI Cape Town,D Brevis,RD Rickelton,38,29,1.31
1392677,MI Cape Town,RD Rickelton,D Brevis,38,16,2.38
1343966,Pretoria Capitals,RR Rossouw,S Dadswell,38,19,2.0
1392662,Paarl Royals,JJ Roy,JC Buttler,38,14,2.71
1392660,Paarl Royals,JC Buttler,WJ Lubbe,38,25,1.52
1343943,Pretoria Capitals,JDS Neesham,PD Salt,37,30,1.23
1392681,Sunrisers Eastern Cape,AK Markram,T Bavuma,37,27,1.37
1343958,Pretoria Capitals,BKG Mendis,TB de Bruyn,37,24,1.54
1343961,Paarl Royals,JC Buttler,JJ Roy,37,20,1.85
1392680,Joburg Super Kings,JL du Plooy,F du Plessis,37,27,1.37
1392664,Joburg Super Kings,BS Makhanya,JL du Plooy,37,25,1.48
1392661,Pretoria Capitals,CA Ingram,JDS Neesham,36,16,2.25
1343945,Durban's Super Giants,H Klaasen,PWA Mulder,36,22,1.64
1392668,Joburg Super Kings,RR Hendricks,MM Ali,36,15,2.4
1392662,MI Cape Town,RD Rickelton,HE van der Dussen,36,22,1.64
1343953,Joburg Super Kings,F du Plessis,JL du Plooy,36,13,2.77
1392671,Sunrisers Eastern Cape,AK Markram,TB Abell,36,19,1.89
1392656,Durban's Super Giants,MP Breetzke,Q de Kock,35,17,2.06
1392667,MI Cape Town,SM Curran,D Brevis,35,24,1.46
1392656,Durban's Super Giants,N Pooran,JT Smuts,35,26,1.35
1392678,Paarl Royals,JC Buttler,JJ Roy,35,23,1.52
1392680,Joburg Super Kings,WL Madsen,JL du Plooy,35,25,1.4
1343967,Sunrisers Eastern Cape,T Bavuma,AK Markram,35,23,1.52
1343968,Durban's Super Giants,H Klaasen,MP Breetzke,35,16,2.19
1343963,Durban's Super Giants,Q de Kock,MP Breetzke,35,22,1.59
1392679,MI Cape Town,RD Rickelton,HE van der Dussen,35,25,1.4
1392679,Pretoria Capitals,TB de Bruyn,S Muthusamy,35,25,1.4
1343943,Sunrisers Eastern Cape,JT Smuts,TB Abell,34,22,1.55
1343953,Pretoria Capitals,WG Jacks,PD Salt,34,16,2.12
1343970,Paarl Royals,JC Buttler,BC Fortuin,34,12,2.83
1343958,Paarl Royals,JC Buttler,DJ Vilas,34,24,1.42
1343943,Pretoria Capitals,PD Salt,JDS Neesham,34,23,1.48
1343956,MI Cape Town,G Roelofsen,HE van der Dussen,34,30,1.13
1392685,Sunrisers Eastern Cape,J Hermann,TB Abell,34,20,1.7
1343949,MI Cape Town,GF Linde,HE van der Dussen,34,17,2.0
1343956,Paarl Royals,JC Buttler,DA Miller,33,26,1.27
1343945,MI Cape Town,GF Linde,G Roelofsen,33,25,1.32
1343972,Joburg Super Kings,RR Hendricks,G Coetzee,33,22,1.5
1392654,Paarl Royals,DA Miller,M Van Buuren,33,23,1.43
1343968,Durban's Super Giants,BR McDermott,Q de Kock,33,17,1.94
1392661,Durban's Super Giants,MP Breetzke,KR Mayers,33,24,1.38
1343953,Pretoria Capitals,PD Salt,S Dadswell,33,18,1.83
1343946,Sunrisers Eastern Cape,M Jansen,BA Carse,32,16,2.0
1392655,Joburg Super Kings,JL du Plooy,D Ferreira,32,16,2.0
1343972,Joburg Super Kings,R Shepherd,RR Hendricks,32,13,2.46
1392678,Paarl Royals,JJ Roy,JC Buttler,32,23,1.39
1343970,Pretoria Capitals,BKG Mendis,CA Ingram,32,15,2.13
1392661,Pretoria Capitals,WG Jacks,CA Ingram,32,16,2.0
1392663,Durban's Super Giants,MP Breetzke,JT Smuts,32,20,1.6
1343963,MI Cape Town,D Potgieter,OF Smith,32,18,1.78
1343958,Pretoria Capitals,TB de Bruyn,JDS Neesham,32,21,1.52
1343959,Sunrisers Eastern Cape,J Hermann,AK Markram,32,24,1.33
1392657,Paarl Royals,JC Buttler,WJ Lubbe,32,13,2.46
1343963,Durban's Super Giants,KMA Paul,MP Breetzke,31,19,1.63
1392666,Sunrisers Eastern Cape,TB Abell,J Hermann,31,24,1.29
1392664,Joburg Super Kings,JL du Plooy,BS Makhanya,31,17,1.82
1392679,MI Cape Town,KA Pollard,HE van der Dussen,31,14,2.21
1392655,Joburg Super Kings,R Shepherd,N Burger,31,13,2.38
1343950,Paarl Royals,JC Buttler,WJ Lubbe,31,22,1.41
1343943,Sunrisers Eastern Cape,TB Abell,JT Smuts,31,17,1.82
1392681,Paarl Royals,JC Buttler,M Van Buuren,30,18,1.67
1392668,Joburg Super Kings,JL du Plooy,RR Hendricks,30,16,1.88
1343959,Sunrisers Eastern Cape,AK Markram,J Hermann,30,27,1.11
1392656,Sunrisers Eastern Cape,T Stubbs,B Swanepoel,30,15,2.0
1392684,Joburg Super Kings,MM Ali,RR Hendricks,30,30,1.0
1343951,Joburg Super Kings,RR Hendricks,JL du Plooy,30,23,1.3
1343950,Paarl Royals,WJ Lubbe,DA Miller,30,17,1.76
1343942,Joburg Super Kings,F du Plessis,D Ferreira,30,24,1.25
1343954,Sunrisers Eastern Cape,J Hermann,AK Markram,30,29,1.03
1392684,Durban's Super Giants,PBB Rajapaksa,H Klaasen,30,20,1.5
1392653,Durban's Super Giants,H Klaasen,N Pooran,30,12,2.5
1343968,Durban's Super Giants,H Klaasen,BR McDermott,29,15,1.93
1343956,MI Cape Town,HE van der Dussen,G Roelofsen,29,27,1.07
1392668,Joburg Super Kings,RR Hendricks,BS Makhanya,29,18,1.61
1343969,Joburg Super Kings,JL du Plooy,KI Simmonds,29,13,2.23
1343959,Durban's Super Giants,PWA Mulder,KR Mayers,29,15,1.93
1343963,Durban's Super Giants,MP Breetzke,Q de Kock,29,23,1.26
1343960,MI Cape Town,D Brevis,HE van der Dussen,29,16,1.81
1343960,Pretoria Capitals,BKG Mendis,WG Jacks,29,19,1.53
1392683,Joburg Super Kings,F du Plessis,JL du Plooy,29,23,1.26
1392656,Sunrisers Eastern Cape,AK Markram,TB Abell,29,21,1.38
1392653,Durban's Super Giants,H Klaasen,MP Breetzke,29,18,1.61
1392678,Paarl Royals,JC Buttler,DA Miller,29,24,1.21
1392654,Pretoria Capitals,RR Rossouw,PD Salt,29,19,1.53
1392654,Paarl Royals,M Van Buuren,DA Miller,28,21,1.33
1343963,Durban's Super Giants,Q de Kock,BR McDermott,28,19,1.47
1343954,Paarl Royals,WJ Lubbe,C Bosch,28,21,1.33
1343961,Sunrisers Eastern Cape,JT Smuts,AK Markram,28,21,1.33
1343961,Paarl Royals,DA Miller,DJ Vilas,28,17,1.65
1343963,MI Cape Town,TH David,HE van der Dussen,28,20,1.4
1392663,Sunrisers Eastern Cape,T Stubbs,AK Markram,28,22,1.27
1392663,Sunrisers Eastern Cape,AK Markram,T Stubbs,28,20,1.4
1343972,Joburg Super Kings,RR Hendricks,R Shepherd,28,13,2.15
1392681,Paarl Royals,WJ Lubbe,DJ Vilas,27,20,1.35
1392677,MI Cape Town,KA Pollard,D Brevis,27,10,2.7
1343943,Sunrisers Eastern Cape,JK Fuller,TB Abell,27,12,2.25
1343949,Sunrisers Eastern Cape,T Stubbs,M Jansen,27,16,1.69
1392678,Sunrisers Eastern Cape,J Hermann,TB Abell,27,27,1.0
1343959,Sunrisers Eastern Cape,J Hermann,AM Rossington,27,22,1.23
1343958,Paarl Royals,DA Miller,M Van Buuren,27,13,2.08
1343951,Joburg Super Kings,F du Plessis,RR Hendricks,27,16,1.69
1343959,Sunrisers Eastern Cape,T Stubbs,AK Markram,27,13,2.08
1392679,MI Cape Town,HE van der Dussen,RD Rickelton,26,18,1.44
1392671,MI Cape Town,D Brevis,KA Pollard,26,19,1.37
1343962,Durban's Super Giants,MP Breetzke,H Klaasen,26,22,1.18
1343958,Paarl Royals,WJ Lubbe,JJ Roy,26,20,1.3
1392667,Durban's Super Giants,JT Smuts,MP Breetzke,26,24,1.08
1343956,Paarl Royals,DA Miller,JC Buttler,26,24,1.08
1343946,Sunrisers Eastern Cape,BA Carse,M Jansen,26,13,2.0
1392682,Durban's Super Giants,PWA Mulder,Q de Kock,26,25,1.04
1392683,Joburg Super Kings,F du Plessis,RR Hendricks,26,12,2.17
1392682,Sunrisers Eastern Cape,DJ Malan,AK Markram,26,16,1.62
1392676,Sunrisers Eastern Cape,TB Abell,DJ Malan,26,21,1.24
1392680,Joburg Super Kings,MM Ali,WL Madsen,26,13,2.0
1392658,Joburg Super Kings,RR Hendricks,F du Plessis,26,17,1.53
1392683,Paarl Royals,DA Miller,DJ Vilas,26,21,1.24
1343971,Pretoria Capitals,RR Rossouw,E Bosch,26,17,1.53
1343945,MI Cape Town,D Potgieter,D Jansen,25,12,2.08
1343949,MI Cape Town,HE van der Dussen,GF Linde,25,16,1.56
1343972,Joburg Super Kings,RR Hendricks,MS Wade,25,17,1.47
1392658,Joburg Super Kings,MM Ali,D Wiese,25,15,1.67
1343941,Paarl Royals,DA Miller,JC Buttler,25,22,1.14
1392659,MI Cape Town,SM Curran,KA Pollard,25,16,1.56
1392661,Durban's Super Giants,KA Maharaj,D Pretorius,25,12,2.08
1343952,MI Cape Town,OF Smith,D Potgieter,25,15,1.67
1392653,MI Cape Town,KA Pollard,SM Curran,25,11,2.27
1392669,Pretoria Capitals,JDS Neesham,S Dadswell,25,23,1.09
1343956,MI Cape Town,GF Linde,HE van der Dussen,24,15,1.6
1392653,MI Cape Town,HE van der Dussen,RD Rickelton,24,20,1.2
1392659,Sunrisers Eastern Cape,J Hermann,T Stubbs,24,15,1.6
1343970,Pretoria Capitals,BKG Mendis,PD Salt,24,12,2.0
1392663,Sunrisers Eastern Cape,M Jansen,T Stubbs,24,16,1.5
1392679,Pretoria Capitals,K Verreynne,RR Rossouw,24,11,2.18
1392662,Paarl Royals,JC Buttler,JJ Roy,24,13,1.85
1392675,Pretoria Capitals,WG Jacks,RR Rossouw,24,13,1.85
1343970,Paarl Royals,EJG Morgan,JC Buttler,24,12,2.0
1343964,Paarl Royals,JJ Roy,JC Buttler,24,11,2.18
1392675,Durban's Super Giants,MP Breetzke,H Klaasen,24,17,1.41
1343958,Paarl Royals,DJ Vilas,JC Buttler,24,29,0.83
1343963,MI Cape Town,HE van der Dussen,TH David,24,23,1.04
1392659,MI Cape Town,KA Pollard,SM Curran,24,19,1.26
1392665,MI Cape Town,C Esterhuizen,SM Curran,24,25,0.96
1392681,Sunrisers Eastern Cape,T Bavuma,AK Markram,24,19,1.26
1343945,MI Cape Town,G Roelofsen,GF Linde,24,24,1.0
1392669,Pretoria Capitals,S Dadswell,JDS Neesham,23,25,0.92
1343964,Paarl Royals,JC Buttler,JJ Roy,23,11,2.09
1343943,Sunrisers Eastern Cape,T Stubbs,JT Smuts,23,12,1.92
1392677,Pretoria Capitals,WD Parnell,K Verreynne,23,26,0.88
1392653,Durban's Super Giants,MP Breetzke,KMA Paul,23,11,2.09
1343952,Sunrisers Eastern Cape,T Stubbs,JM Cox,23,11,2.09
1392676,Sunrisers Eastern Cape,DJ Malan,TB Abell,23,20,1.15
1392660,Joburg Super Kings,JL du Plooy,LB Williams,23,16,1.44
1392677,MI Cape Town,D Brevis,RD Rickelton,23,14,1.64
1343954,Sunrisers Eastern Cape,AK Markram,J Hermann,23,23,1.0
1392656,Durban's Super Giants,Q de Kock,MP Breetzke,23,16,1.44
1343942,Durban's Super Giants,Q de Kock,H Klaasen,23,13,1.77
1392654,Paarl Royals,JJ Roy,JC Buttler,23,17,1.35
1343948,Durban's Super Giants,H Klaasen,KMA Paul,23,13,1.77
1392661,Pretoria Capitals,PD Salt,WG Jacks,23,14,1.64
1343970,Pretoria Capitals,CA Ingram,BKG Mendis,23,14,1.64
1343967,Sunrisers Eastern Cape,AK Markram,T Bavuma,23,22,1.05
1392668,Joburg Super Kings,MM Ali,RR Hendricks,23,13,1.77
1392682,Sunrisers Eastern Cape,DJ Malan,J Hermann,23,20,1.15
1343961,Sunrisers Eastern Cape,JT Smuts,J Hermann,22,19,1.16
1343962,Durban's Super Giants,KR Mayers,Q de Kock,22,12,1.83
1392669,Sunrisers Eastern Cape,PE Kruger,T Stubbs,22,21,1.05
1392684,Durban's Super Giants,Q de Kock,MP Breetzke,22,14,1.57
1392664,Pretoria Capitals,WD Parnell,K Verreynne,22,23,0.96
1343960,MI Cape Town,SM Curran,D Brevis,22,19,1.16
1343968,Pretoria Capitals,E Bosch,DM Dupavillon,22,14,1.57
1343973,Sunrisers Eastern Cape,J Hermann,AM Rossington,22,17,1.29
1392677,MI Cape Town,D Brevis,SM Curran,22,11,2.0
1392681,Paarl Royals,DJ Vilas,WJ Lubbe,22,18,1.22
1392658,Durban's Super Giants,H Klaasen,N Pooran,22,15,1.47
1392679,MI Cape Town,HE van der Dussen,D Brevis,22,12,1.83
1343970,Pretoria Capitals,JDS Neesham,CA Ingram,22,12,1.83
1392677,MI Cape Town,SM Curran,D Brevis,22,12,1.83
1392678,Sunrisers Eastern Cape,T Stubbs,M Jansen,22,11,2.0
1343957,Joburg Super Kings,F du Plessis,N Brand,22,20,1.1
1392671,MI Cape Town,SM Curran,LS Livingstone,22,15,1.47
1343957,Sunrisers Eastern Cape,AM Rossington,AK Markram,22,17,1.29
1343965,Sunrisers Eastern Cape,AM Rossington,T Bavuma,22,10,2.2
1392658,Durban's Super Giants,H Klaasen,KMA Paul,21,14,1.5
1343954,Sunrisers Eastern Cape,M Jansen,T Stubbs,21,22,0.95
1392660,Paarl Royals,JC Buttler,M Van Buuren,21,10,2.1
1392664,Joburg Super Kings,MM Ali,D Ferreira,21,14,1.5
1343947,MI Cape Town,RD Rickelton,D Brevis,21,25,0.84
1343948,Durban's Super Giants,PWA Mulder,KR Mayers,21,13,1.62
1392682,Sunrisers Eastern Cape,AK Markram,DJ Malan,21,16,1.31
1343941,Paarl Royals,JC Buttler,JJ Roy,21,13,1.62
1343946,Sunrisers Eastern Cape,JT Smuts,AK Markram,21,23,0.91
1343958,Paarl Royals,JJ Roy,WJ Lubbe,21,16,1.31
1392681,Sunrisers Eastern Cape,J Hermann,DJ Malan,21,23,0.91
1392682,Sunrisers Eastern Cape,J Hermann,DJ Malan,21,19,1.11
1392677,Pretoria Capitals,AU Rashid,K Verreynne,21,15,1.4
1343973,Sunrisers Eastern Cape,AK Markram,AM Rossington,21,12,1.75
1343943,Pretoria Capitals,PD Salt,S Muthusamy,21,12,1.75
1343973,Pretoria Capitals,BKG Mendis,PD Salt,21,20,1.05
1343955,Durban's Super Giants,H Klaasen,JO Holder,21,13,1.62
1392671,Sunrisers Eastern Cape,T Stubbs,AK Markram,21,12,1.75
1392671,Sunrisers Eastern Cape,TB Abell,AK Markram,21,18,1.17
1392664,Pretoria Capitals,K Verreynne,WD Parnell,21,18,1.17
1343969,MI Cape Town,G Roelofsen,HE van der Dussen,21,25,0.84
1392662,Paarl Royals,JC Buttler,DA Miller,21,16,1.31
1343948,Durban's Super Giants,PWA Mulder,Q de Kock,21,23,0.91
1343957,Sunrisers Eastern Cape,JT Smuts,JK Fuller,21,17,1.24
1343950,Paarl Royals,WJ Lubbe,JC Buttler,21,13,1.62
1343941,Paarl Royals,JC Buttler,DA Miller,20,16,1.25
1343945,MI Cape Town,G Roelofsen,HE van der Dussen,20,12,1.67
1392654,Pretoria Capitals,JDS Neesham,E Bosch,20,16,1.25
1343972,Sunrisers Eastern Cape,T Stubbs,AK Markram,20,10,2.0
1343952,MI Cape Town,D Potgieter,OF Smith,20,10,2.0
1343951,Pretoria Capitals,JDS Neesham,E Bosch,20,10,2.0
1343954,Sunrisers Eastern Cape,AM Rossington,J Hermann,20,12,1.67
1392667,Durban's Super Giants,T de Zorzi,MP Breetzke,20,11,1.82
1343941,MI Cape Town,SM Curran,D Brevis,20,16,1.25
1392668,Paarl Royals,JC Buttler,WJ Lubbe,20,16,1.25
1343946,Pretoria Capitals,RR Rossouw,WG Jacks,20,15,1.33
1392678,Sunrisers Eastern Cape,M Jansen,AK Markram,20,11,1.82
1392662,Paarl Royals,DA Miller,JC Buttler,20,21,0.95
1343971,Paarl Royals,PR Stirling,DJ Vilas,20,11,1.82
1392680,Joburg Super Kings,JL du Plooy,WL Madsen,20,23,0.87
1392681,Sunrisers Eastern Cape,T Stubbs,T Bavuma,19,13,1.46
1343958,Pretoria Capitals,RR Rossouw,TB de Bruyn,19,14,1.36
1343960,Pretoria Capitals,TB de Bruyn,C Fortuin,19,13,1.46
1392665,MI Cape Town,LS Livingstone,SM Curran,19,12,1.58
1392667,Durban's Super Giants,MP Breetzke,PWA Mulder,19,10,1.9
1343971,Pretoria Capitals,RR Rossouw,CA Ingram,19,18,1.06
1343969,Joburg Super Kings,D Ferreira,JL du Plooy,19,18,1.06
1343957,Joburg Super Kings,JL du Plooy,R Shepherd,19,11,1.73
1392671,MI Cape Town,RD Rickelton,LS Livingstone,19,11,1.73
1343970,Paarl Royals,PR Stirling,JJ Roy,19,11,1.73
1343956,Paarl Royals,JC Buttler,E Jones,19,13,1.46
1343972,Joburg Super Kings,MS Wade,RR Hendricks,19,20,0.95
1343973,Pretoria Capitals,RR Rossouw,TB de Bruyn,19,11,1.73
1392660,Joburg Super Kings,JL du Plooy,MM Ali,19,12,1.58
1392659,Sunrisers Eastern Cape,AK Markram,J Hermann,19,13,1.46
1343943,Pretoria Capitals,TB de Bruyn,PD Salt,19,12,1.58
1343945,Durban's Super Giants,PWA Mulder,H Klaasen,19,12,1.58
1343945,Durban's Super Giants,KR Mayers,Q de Kock,19,14,1.36
1343944,Paarl Royals,WJ Lubbe,JC Buttler,19,13,1.46
1343970,Pretoria Capitals,CA Ingram,JDS Neesham,18,10,1.8
1392661,Durban's Super Giants,KMA Paul,JT Smuts,18,15,1.2
1392660,Joburg Super Kings,MM Ali,JL du Plooy,18,23,0.78
1343970,Paarl Royals,JC Buttler,DA Miller,18,15,1.2
1343966,Pretoria Capitals,S Muthusamy,E Bosch,18,14,1.29
1392667,Durban's Super Giants,MP Breetzke,JT Smuts,18,20,0.9
1392664,Pretoria Capitals,K Verreynne,AU Rashid,18,10,1.8
1343957,Sunrisers Eastern Cape,JK Fuller,JT Smuts,18,10,1.8
1392671,Sunrisers Eastern Cape,AK Markram,T Stubbs,18,14,1.29
1392675,Durban's Super Giants,H Klaasen,MP Breetzke,18,11,1.64
1392669,Sunrisers Eastern Cape,T Stubbs,PE Kruger,18,14,1.29
1343953,Pretoria Capitals,S Dadswell,PD Salt,18,22,0.82
1343950,Durban's Super Giants,H Klaasen,C Jonker,18,12,1.5
1392679,Pretoria Capitals,S Muthusamy,TB de Bruyn,18,11,1.64
1343948,Paarl Royals,WJ Lubbe,JJ Roy,18,11,1.64
1392653,MI Cape Town,C Esterhuizen,RD Rickelton,17,10,1.7
1392662,Paarl Royals,M Van Buuren,BC Fortuin,17,11,1.55
1343973,Pretoria Capitals,JDS Neesham,CA Ingram,17,18,0.94
1343964,Paarl Royals,DJ Vilas,JJ Roy,17,12,1.42
1392676,Sunrisers Eastern Cape,DJ Malan,J Hermann,17,12,1.42
1343960,MI Cape Town,HE van der Dussen,D Brevis,17,17,1.0
1392668,Joburg Super Kings,F du Plessis,RR Hendricks,17,19,0.89
1392675,Pretoria Capitals,K Verreynne,WG Jacks,17,16,1.06
1343950,Durban's Super Giants,JO Holder,H Klaasen,17,13,1.31
1343952,Sunrisers Eastern Cape,SJ Erwee,AM Rossington,17,10,1.7
1343954,Sunrisers Eastern Cape,T Stubbs,M Jansen,17,11,1.55
1392675,Pretoria Capitals,WG Jacks,K Verreynne,17,14,1.21
1392662,MI Cape Town,C Esterhuizen,RD Rickelton,17,14,1.21
1392658,Durban's Super Giants,H Klaasen,D Pretorius,17,11,1.55
1392684,Joburg Super Kings,RR Hendricks,MM Ali,17,12,1.42
1392683,Paarl Royals,DJ Vilas,DA Miller,17,13,1.31
1392666,Sunrisers Eastern Cape,J Hermann,TB Abell,17,12,1.42
1343946,Pretoria Capitals,S Dadswell,M Pretorius,17,11,1.55
1343951,Pretoria Capitals,WD Parnell,E Bosch,17,12,1.42
1343950,Durban's Super Giants,KA Maharaj,H Klaasen,17,11,1.55
1343941,Paarl Royals,DA Miller,EJG Morgan,17,10,1.7
1343973,Pretoria Capitals,CA Ingram,JDS Neesham,16,25,0.64
1343955,Pretoria Capitals,TB de Bruyn,WG Jacks,16,17,0.94
1392674,MI Cape Town,HE van der Dussen,RD Rickelton,16,19,0.84
1392662,MI Cape Town,RD Rickelton,D Brevis,16,10,1.6
1392673,Paarl Royals,M Van Buuren,WJ Lubbe,16,12,1.33
1392682,Durban's Super Giants,Q de Kock,PWA Mulder,16,18,0.89
1343957,Joburg Super Kings,N Brand,F du Plessis,16,18,0.89
1343947,Joburg Super Kings,JN Malan,RR Hendricks,16,19,0.84
1343946,Pretoria Capitals,JDS Neesham,S Dadswell,16,10,1.6
1343949,Sunrisers Eastern Cape,M Jansen,T Stubbs,16,18,0.89
1343951,Pretoria Capitals,WG Jacks,PD Salt,16,13,1.23
1392667,Durban's Super Giants,PWA Mulder,MP Breetzke,16,13,1.23
1392658,Durban's Super Giants,KMA Paul,H Klaasen,16,19,0.84
1392654,Pretoria Capitals,E Bosch,JDS Neesham,16,20,0.8
1343966,MI Cape Town,WB Marshall,HE van der Dussen,16,13,1.23
1343966,MI Cape Town,HE van der Dussen,GF Linde,16,14,1.14
1343966,Pretoria Capitals,S Dadswell,RR Rossouw,16,23,0.7
1392663,Durban's Super Giants,D Pretorius,PWA Mulder,16,17,0.94
1392670,Paarl Royals,JC Buttler,JJ Roy,15,10,1.5
1343960,Pretoria Capitals,TB de Bruyn,JDS Neesham,15,10,1.5
1392653,Durban's Super Giants,KMA Paul,MP Breetzke,15,14,1.07
1392656,Durban's Super Giants,JT Smuts,MP Breetzke,15,11,1.36
1343942,Durban's Super Giants,H Klaasen,PWA Mulder,15,16,0.94
1343947,MI Cape Town,SM Curran,HE van der Dussen,15,11,1.36
1343948,Paarl Royals,JJ Roy,JC Buttler,15,10,1.5
1343945,Durban's Super Giants,KR Mayers,PWA Mulder,15,10,1.5
1343951,Joburg Super Kings,RR Hendricks,F du Plessis,15,28,0.54
1343944,Joburg Super Kings,LB Williams,AM Phangiso,15,13,1.15
1392667,MI Cape Town,HE van der Dussen,C Esterhuizen,15,12,1.25
1392668,Joburg Super Kings,BS Makhanya,RR Hendricks,15,18,0.83
1343951,Pretoria Capitals,PD Salt,TB de Bruyn,15,12,1.25
1392653,MI Cape Town,LS Livingstone,KA Pollard,15,11,1.36
1392653,MI Cape Town,RD Rickelton,C Esterhuizen,15,10,1.5
1392685,Durban's Super Giants,MP Breetzke,PWA Mulder,15,16,0.94
1343967,Sunrisers Eastern Cape,RE van der Merwe,BA Carse,15,12,1.25
1343969,Joburg Super Kings,R Shepherd,JL du Plooy,15,11,1.36
1343961,Sunrisers Eastern Cape,AK Markram,JT Smuts,15,20,0.75
1392658,Durban's Super Giants,N Pooran,H Klaasen,15,15,1.0
1343945,MI Cape Town,Rashid Khan,D Jansen,14,13,1.08
1392661,Durban's Super Giants,JT Smuts,Q de Kock,14,10,1.4
1343964,Paarl Royals,JJ Roy,DJ Vilas,14,17,0.82
1343969,Joburg Super Kings,JL du Plooy,D Ferreira,14,13,1.08
1343971,Paarl Royals,AL Phehlukwayo,DA Miller,14,13,1.08
1392665,MI Cape Town,SM Curran,C Esterhuizen,14,19,0.74
1392665,Paarl Royals,DA Miller,JC Buttler,14,15,0.93
1343966,MI Cape Town,D Brevis,HE van der Dussen,14,11,1.27
1392654,Paarl Royals,JC Buttler,JJ Roy,14,14,1.0
1343953,Joburg Super Kings,JL du Plooy,F du Plessis,14,14,1.0
1392674,MI Cape Town,RD Rickelton,HE van der Dussen,14,10,1.4
1343957,Joburg Super Kings,JL du Plooy,F du Plessis,14,16,0.88
1392671,MI Cape Town,LS Livingstone,RD Rickelton,14,10,1.4
1343961,Paarl Royals,M Van Buuren,JC Buttler,14,15,0.93
1392682,Sunrisers Eastern Cape,DJ Malan,TB Abell,14,10,1.4
1343945,MI Cape Town,RD Rickelton,G Roelofsen,14,15,0.93
1343941,Paarl Royals,JJ Roy,JC Buttler,13,16,0.81
1343961,Sunrisers Eastern Cape,T Stubbs,JT Smuts,13,10,1.3
1392684,Durban's Super Giants,H Klaasen,PBB Rajapaksa,13,11,1.18
1392655,Joburg Super Kings,D Ferreira,JL du Plooy,13,14,0.93
1343943,Pretoria Capitals,S Muthusamy,PD Salt,13,16,0.81
1343970,Pretoria Capitals,RR Rossouw,BKG Mendis,13,13,1.0
1343969,Joburg Super Kings,KI Simmonds,JL du Plooy,13,15,0.87
1392669,Pretoria Capitals,RR Rossouw,CA Ingram,13,12,1.08
1343954,Sunrisers Eastern Cape,J Hermann,AM Rossington,13,12,1.08
1343944,Joburg Super Kings,AS Joseph,GHS Garton,13,11,1.18
1343944,Paarl Royals,DJ Vilas,JC Buttler,13,13,1.0
1392670,Paarl Royals,BC Fortuin,AL Phehlukwayo,13,11,1.18
1392671,Sunrisers Eastern Cape,DJ Malan,TB Abell,13,18,0.72
1343950,Durban's Super Giants,PWA Mulder,H Klaasen,13,11,1.18
1392677,MI Cape Town,LS Livingstone,RD Rickelton,12,19,0.63
1343951,Pretoria Capitals,E Bosch,WD Parnell,12,13,0.92
1343958,Pretoria Capitals,TB de Bruyn,BKG Mendis,12,16,0.75
1343970,Pretoria Capitals,TB de Bruyn,BKG Mendis,12,15,0.8
1392684,Durban's Super Giants,MP Breetzke,Q de Kock,12,10,1.2
1392657,Paarl Royals,WJ Lubbe,JC Buttler,12,10,1.2
1343971,Paarl Royals,DJ Vilas,PR Stirling,12,15,0.8
1392661,Durban's Super Giants,Q de Kock,JT Smuts,12,10,1.2
1343964,Paarl Royals,JJ Roy,DA Miller,12,10,1.2
1343964,Paarl Royals,WJ Lubbe,JJ Roy,12,18,0.67
1392684,Joburg Super Kings,DAJ Bracewell,N Burger,12,10,1.2
1392657,Paarl Royals,DA Miller,JC Buttler,12,10,1.2
1392666,Pretoria Capitals,WG Jacks,PD Salt,12,11,1.09
1343944,Paarl Royals,JJ Roy,JC Buttler,12,13,0.92
1343954,Paarl Royals,BC Fortuin,Codi Yusuf,12,13,0.92
1343950,Durban's Super Giants,KR Mayers,PWA Mulder,12,11,1.09
1343950,Durban's Super Giants,C Jonker,H Klaasen,12,14,0.86
1343954,Paarl Royals,Codi Yusuf,BC Fortuin,12,14,0.86
1343960,MI Cape Town,D Brevis,SM Curran,12,10,1.2
1392671,MI Cape Town,KA Pollard,D Brevis,12,11,1.09
1392671,MI Cape Town,LS Livingstone,SM Curran,12,13,0.92
1343958,Paarl Royals,M Van Buuren,DA Miller,12,12,1.0
1392670,Durban's Super Giants,MP Breetzke,T de Zorzi,12,10,1.2
1343961,Paarl Royals,DJ Vilas,DA Miller,12,10,1.2
1392670,Paarl Royals,JJ Roy,JC Buttler,12,11,1.09
1392667,MI Cape Town,D Brevis,SM Curran,12,15,0.8
1392676,Sunrisers Eastern Cape,J Hermann,DJ Malan,11,15,0.73
1392672,Joburg Super Kings,RR Hendricks,F du Plessis,11,11,1.0
1392667,Durban's Super Giants,MP Stoinis,MP Breetzke,11,10,1.1
1392661,Pretoria Capitals,RR Rossouw,WG Jacks,11,13,0.85
1343971,Pretoria Capitals,PD Salt,BKG Mendis,11,11,1.0
1392663,Sunrisers Eastern Cape,J Hermann,DJ Malan,11,13,0.85
1343972,Joburg Super Kings,G Coetzee,RR Hendricks,11,17,0.65
1343970,Paarl Royals,DA Miller,JC Buttler,11,18,0.61
1392659,Sunrisers Eastern Cape,T Stubbs,J Hermann,11,11,1.0
1343951,Pretoria Capitals,TB de Bruyn,PD Salt,11,10,1.1
1343957,Sunrisers Eastern Cape,BA Carse,JK Fuller,11,10,1.1
1343960,MI Cape Town,RD Rickelton,D Brevis,11,11,1.0
1343960,Pretoria Capitals,C Fortuin,TB de Bruyn,11,14,0.79
1343941,Paarl Royals,EJG Morgan,DA Miller,11,11,1.0
1392681,Sunrisers Eastern Cape,DJ Malan,T Bavuma,11,11,1.0
1343946,Pretoria Capitals,M Pretorius,S Dadswell,11,10,1.1
1343947,Joburg Super Kings,JL du Plooy,R Shepherd,11,13,0.85
1392684,Durban's Super Giants,JT Smuts,PBB Rajapaksa,10,11,0.91
1392653,MI Cape Town,RD Rickelton,LS Livingstone,10,11,0.91
1343950,Paarl Royals,DA Miller,WJ Lubbe,10,11,0.91
1392679,Pretoria Capitals,RR Rossouw,K Verreynne,10,15,0.67
1343952,Sunrisers Eastern Cape,JM Cox,T Stubbs,10,14,0.71
1343958,Pretoria Capitals,JDS Neesham,TB de Bruyn,10,11,0.91
1343955,Durban's Super Giants,JO Holder,H Klaasen,10,16,0.62
1343956,Paarl Royals,JC Buttler,DJ Vilas,10,13,0.77
1343944,Joburg Super Kings,AM Phangiso,LB Williams,10,19,0.53
1392653,MI Cape Town,LS Livingstone,RD Rickelton,10,11,0.91
1392662,Paarl Royals,M Van Buuren,AL Phehlukwayo,10,11,0.91
1343971,Pretoria Capitals,CA Ingram,RR Rossouw,10,14,0.71
1343970,Pretoria Capitals,BKG Mendis,TB de Bruyn,10,10,1.0
1343963,MI Cape Town,G Roelofsen,D Brevis,10,13,0.77
1392661,Durban's Super Giants,JT Smuts,KMA Paul,9,11,0.82
1392665,Paarl Royals,JC Buttler,DA Miller,9,10,0.9
1343971,Pretoria Capitals,TB de Bruyn,PD Salt,9,13,0.69
1343961,Paarl Royals,JC Buttler,M Van Buuren,9,13,0.69
1343960,Pretoria Capitals,JDS Neesham,TB de Bruyn,9,10,0.9
1392658,Joburg Super Kings,D Wiese,MM Ali,9,15,0.6
1392660,Joburg Super Kings,F du Plessis,RR Hendricks,9,10,0.9
1343966,Pretoria Capitals,PD Salt,BKG Mendis,9,10,0.9
1392655,Joburg Super Kings,N Burger,R Shepherd,9,10,0.9
1392654,Paarl Royals,WJ Lubbe,DA Miller,9,10,0.9
1392680,Durban's Super Giants,MP Breetzke,T de Zorzi,9,11,0.82
1343947,Joburg Super Kings,GHS Garton,AM Phangiso,9,11,0.82
1392679,MI Cape Town,D Brevis,HE van der Dussen,9,11,0.82
1392668,Paarl Royals,WJ Lubbe,JC Buttler,9,13,0.69
1392678,Sunrisers Eastern Cape,AK Markram,M Jansen,9,10,0.9
1392683,Paarl Royals,AL Phehlukwayo,DA Miller,8,12,0.67
1343945,Durban's Super Giants,PWA Mulder,KR Mayers,8,11,0.73
1343943,Sunrisers Eastern Cape,JT Smuts,AK Markram,8,10,0.8
1392665,MI Cape Town,TP Kaber,LS Livingstone,8,10,0.8
1392658,Joburg Super Kings,RR Hendricks,MM Ali,8,10,0.8
1392656,Durban's Super Giants,MP Breetzke,JT Smuts,8,12,0.67
1392681,Paarl Royals,JJ Roy,JC Buttler,8,12,0.67
1392681,Sunrisers Eastern Cape,DJ Malan,J Hermann,8,11,0.73
1343961,Paarl Royals,JJ Roy,JC Buttler,8,16,0.5
1392675,Durban's Super Giants,KA Maharaj,JT Smuts,8,15,0.53
1392676,Joburg Super Kings,D Ferreira,WL Madsen,8,11,0.73
1343957,Joburg Super Kings,F du Plessis,RR Hendricks,8,10,0.8
1392668,Joburg Super Kings,RR Hendricks,JL du Plooy,8,11,0.73
1392665,MI Cape Town,C Esterhuizen,RD Rickelton,8,11,0.73
1392660,Paarl Royals,M Van Buuren,JC Buttler,8,11,0.73
1392660,Joburg Super Kings,RR Hendricks,F du Plessis,8,13,0.62
1343971,Paarl Royals,DA Miller,EJG Morgan,8,10,0.8
1343971,Pretoria Capitals,BKG Mendis,PD Salt,7,11,0.64
1343966,MI Cape Town,OF Smith,Rashid Khan,7,10,0.7
1392682,Durban's Super Giants,D Pretorius,H Klaasen,7,10,0.7
1343947,MI Cape Town,HE van der Dussen,G Roelofsen,7,11,0.64
1343963,Durban's Super Giants,MP Breetzke,KMA Paul,7,11,0.64
1343957,Joburg Super Kings,R Shepherd,JL du Plooy,7,10,0.7
1392675,Pretoria Capitals,CN Ackermann,RR Rossouw,7,11,0.64
1343949,MI Cape Town,D Brevis,G Roelofsen,7,11,0.64
1343954,Paarl Royals,C Bosch,WJ Lubbe,7,10,0.7
1343955,Durban's Super Giants,Q de Kock,PWA Mulder,7,10,0.7
1392658,Joburg Super Kings,F du Plessis,RR Hendricks,7,17,0.41
1392654,Pretoria Capitals,PD Salt,RR Rossouw,7,13,0.54
1392668,Joburg Super Kings,RR Hendricks,F du Plessis,6,13,0.46
1343947,Joburg Super Kings,F du Plessis,JL du Plooy,6,11,0.55
1343962,Durban's Super Giants,Q de Kock,KR Mayers,6,10,0.6
1392667,Durban's Super Giants,MP Breetzke,MP Stoinis,6,10,0.6
1392654,Pretoria Capitals,C Bosch,CA Ingram,5,10,0.5
1343943,Sunrisers Eastern Cape,JM Cox,JT Smuts,5,11,0.45
1343963,MI Cape Town,TH David,OF Smith,5,11,0.45
1392669,Sunrisers Eastern Cape,T Stubbs,J Hermann,5,11,0.45
1343963,MI Cape Town,GF Linde,HE van der Dussen,5,13,0.38
1343967,Sunrisers Eastern Cape,J Hermann,T Bavuma,5,12,0.42
1343949,MI Cape Town,D Brevis,SM Curran,5,13,0.38
1343952,Sunrisers Eastern Cape,T Stubbs,AK Markram,5,12,0.42
1343961,Sunrisers Eastern Cape,J Hermann,JT Smuts,4,10,0.4
1392661,Pretoria Capitals,JDS Neesham,CA Ingram,4,11,0.36
1343947,Joburg Super Kings,R Shepherd,JL du Plooy,4,12,0.33
1392675,Pretoria Capitals,RR Rossouw,WG Jacks,4,12,0.33
1392670,Paarl Royals,DA Miller,JC Buttler,3,12,0.25
1343955,Durban's Super Giants,D Pretorius,H Klaasen,3,11,0.27
1343950,Paarl Royals,JJ Roy,JC Buttler,3,17,0.18
1392675,Pretoria Capitals,RR Rossouw,CA Ingram,2,11,0.18
1343953,Joburg Super Kings,N Burger,AM Phangiso,2,17,0.12
1392682,Durban's Super Giants,T de Zorzi,MP Breetzke,2,10,0.2
